tweet,sentiment,timestamp
"I love this product! Amazing experience.","Positive","2026-09-01 09:00:00"
"The service was excellent and very helpful.","Positive","2026-09-01 10:00:00"
"This is the best app I have used.","Positive","2026-09-01 11:00:00"
"The product is okay, nothing special.","Neutral","2026-09-01 12:00:00"
"The service was average today.","Neutral","2026-09-01 13:00:00"
"I am not sure how I feel about this.","Neutral","2026-09-01 14:00:00"
"This product is terrible and disappointing.","Negative","2026-09-01 15:00:00"
"Worst service ever. Very unhappy.","Negative","2026-09-01 16:00:00"
"I hate this app. It keeps crashing.","Negative","2026-09-01 17:00:00"
